"","FileNumber","ResultCode","AccountStatus","PermitStatus","DateIssued","DateExpired","AnnualTimeStart","AnnualTimeEnd","ProjectTitle","FirstName","LastName","Organization","HUCNumber","WaterbodyName","BasinName","StreamName","LocationDescription","CommonName","Population","Run","Production","LifeStage","Sex","TakeAction","CaptureMethod","ExpTake","IndMort","Species"
"1","1124 - 6R","NMFS 10a1A Salmon","Application Complete","Issued",2018-04-16,2022-12-31,2018-04-16,2022-12-31,"Renew: Six ongoing research programs (tasks) conducted by the Idaho Department of Fish and Game","James","Fredericks","Idaho Department of Fish and Game",99999999,"N/A","N/A","Snake River, Clearwater River and Salmon River and their tributaries.","Snake River, Clearwater River and Salmon River and their tributaries including cooperative studies that are undertaken with the states of Oregon and Washington.","sockeye salmon","Snake River","N/A","Natural","Adult","Male and Female","Capture/Handle/Release Animal","Trap, Screw",2,0,"Snake River sockeye salmon"
"2","1124 - 6R","NMFS 10a1A Salmon","Application Complete","Issued",2018-04-16,2022-12-31,2018-04-16,2022-12-31,"Renew: Six ongoing research programs (tasks) conducted by the Idaho Department of Fish and Game","James","Fredericks","Idaho Department of Fish and Game",99999999,"N/A","N/A","Snake River, Clearwater River and Salmon River and their tributaries.","Snake River, Clearwater River and Salmon River and their tributaries including cooperative studies that are undertaken with the states of Oregon and Washington.","steelhead","Snake River Basin","Summer","Natural","Adult","Male and Female","Capture/Handle/Release Animal","Trap, Screw",5,0,"Snake River Basin steelhead"
"3","1134 - 7R","NMFS 10a1A Salmon","Application Complete","Issued",2018-04-16,2022-12-31,2018-04-16,2022-12-31,"Renew: Modification: Assess the status of Chinook salmon and steelhead in the Snake, Salmon, Clearwater, Imnaha, and Grande Ronde river basins.","Robert","Lothrop","Columbia River Inter-Tribal Fish Commission",99999999,"N/A","N/A","Snake River Basin","Study 2","Chinook salmon","Snake River spring/summer-run","Spring/Summer","Listed Hatchery Intact Adipose","Adult","Unknown","Capture/Mark, Tag, Sample Tissue/Release Live Animal","Hand and/or Dip Net",178,1,"Snake River spring/summer-run Chinook salmon"
"4","1410-12R","NMFS 10a1A Salmon","Application Complete","Issued",2019-05-10,2023-12-31,2019-05-10,2023-12-31,"Renew: Columbia River basin juvenile salmonids: survival and growth in the Columbia River Plume and northern California Current",NA,NA,"NMFS Northwest Fisheries Science Center",99999999,"N/A","N/A","Pacific Ocean off Oregon and Washington from nearshore out to 50 miles","Washington transects are located off Cape Flattery, La Push, Queets River, Grays Harbor, and Willapa Bay. Oregon transects are located off the Columbia River, Cape Meares, Cascade Head, and Newport. Transects involve from 6 to 11 predetermined stations.","eulachon","Southern DPS","N/A","Natural","Adult","Male and Female","Capture/Handle/Release Animal","Trawl, Nordic Surface",100,100,"Southern DPS eulachon"
"5","1410-12R","NMFS 10a1A Salmon","Application Complete","Issued",2019-05-10,2023-12-31,2019-05-10,2023-12-31,"Renew: Columbia River basin juvenile salmonids: survival and growth in the Columbia River Plume and northern California Current",NA,NA,"NMFS Northwest Fisheries Science Center",99999999,"N/A","N/A","Pacific Ocean off Oregon and Washington from nearshore out to 50 miles","Washington transects are located off Cape Flattery, La Push, Queets River, Grays Harbor, and Willapa Bay. Oregon transects are located off the Columbia River, Cape Meares, Cascade Head, and Newport. Transects involve from 6 to 11 predetermined stations.","Chinook salmon","Lower Columbia River","Mixed","Listed Hatchery Adipose Clip","Adult","Unknown","Capture/Handle/Release Animal","Trawl, Nordic Surface",48,0,"Lower Columbia River Chinook salmon"
"6","1410-12R","NMFS 10a1A Salmon","Application Complete","Issued",2019-05-10,2023-12-31,2019-05-10,2023-12-31,"Renew: Columbia River basin juvenile salmonids: survival and growth in the Columbia River Plume and northern California Current",NA,NA,"NMFS Northwest Fisheries Science Center",99999999,"N/A","N/A","Pacific Ocean off Oregon and Washington from nearshore out to 50 miles","Washington transects are located off Cape Flattery, La Push, Queets River, Grays Harbor, and Willapa Bay. Oregon transects are located off the Columbia River, Cape Meares, Cascade Head, and Newport. Transects involve from 6 to 11 predetermined stations.","Chinook salmon","Lower Columbia River","Mixed","Natural","Adult","Unknown","Capture/Handle/Release Animal","Trawl, Nordic Surface",29,0,"Lower Columbia River Chinook salmon"
"7","1410-12R","NMFS 10a1A Salmon","Application Complete","Issued",2019-05-10,2023-12-31,2019-05-10,2023-12-31,"Renew: Columbia River basin juvenile salmonids: survival and growth in the Columbia River Plume and northern California Current",NA,NA,"NMFS Northwest Fisheries Science Center",99999999,"N/A","N/A","Pacific Ocean off Oregon and Washington from nearshore out to 50 miles","Washington transects are located off Cape Flattery, La Push, Queets River, Grays Harbor, and Willapa Bay. Oregon transects are located off the Columbia River, Cape Meares, Cascade Head, and Newport. Transects involve from 6 to 11 predetermined stations.","Chinook salmon","Snake River spring/summer-run","Spring/Summer","Listed Hatchery Adipose Clip","Adult","Unknown","Capture/Handle/Release Animal","Trawl, Nordic Surface",1,0,"Snake River spring/summer-run Chinook salmon"
"8","1410-12R","NMFS 10a1A Salmon","Application Complete","Issued",2019-05-10,2023-12-31,2019-05-10,2023-12-31,"Renew: Columbia River basin juvenile salmonids: survival and growth in the Columbia River Plume and northern California Current",NA,NA,"NMFS Northwest Fisheries Science Center",99999999,"N/A","N/A","Pacific Ocean off Oregon and Washington from nearshore out to 50 miles","Washington transects are located off Cape Flattery, La Push, Queets River, Grays Harbor, and Willapa Bay. Oregon transects are located off the Columbia River, Cape Meares, Cascade Head, and Newport. Transects involve from 6 to 11 predetermined stations.","Chinook salmon","Upper Willamette River","Spring","Listed Hatchery Adipose Clip","Adult","Unknown","Capture/Handle/Release Animal","Trawl, Nordic Surface",5,0,"Upper Willamette River Chinook salmon"
"9","15207-4R","NMFS 10a1A Salmon","Application Complete","Issued",2019-05-10,2023-12-31,2019-05-10,2023-12-31,"Renew: Assess the condition of rivers and streams in randomly-selected river systems in Idaho, Oregon and Washington to monitor, research and develop field protocols for assessing large rivers and streams.","Jason","Adams","Amnis Opes Institute, LLC",99999999,"N/A","N/A","Snake River Basin rivers and streams","Locations are described in the attached spreadsheet","sockeye salmon","Snake River","Mixed","Natural","Adult","Unknown","Capture/Handle/Release Animal","Electrofishing, Boat",1,0,"Snake River sockeye salmon"
"10","15207-4R","NMFS 10a1A Salmon","Application Complete","Issued",2019-05-10,2023-12-31,2019-05-10,2023-12-31,"Renew: Assess the condition of rivers and streams in randomly-selected river systems in Idaho, Oregon and Washington to monitor, research and develop field protocols for assessing large rivers and streams.","Jason","Adams","Amnis Opes Institute, LLC",99999999,"N/A","N/A","Snake River Basin rivers and streams","Locations are described in the attached spreadsheet","steelhead","Snake River Basin","Summer","Natural","Adult","Unknown","Capture/Handle/Release Animal","Electrofishing, Boat",1,0,"Snake River Basin steelhead"
"11","15207-4R","NMFS 10a1A Salmon","Application Complete","Issued",2019-05-10,2023-12-31,2019-05-10,2023-12-31,"Renew: Assess the condition of rivers and streams in randomly-selected river systems in Idaho, Oregon and Washington to monitor, research and develop field protocols for assessing large rivers and streams.","Jason","Adams","Amnis Opes Institute, LLC",99999999,"N/A","N/A","Upper Columbia River basin - rivers and streams above (not including) the Yakima River","Locations are described in the attached spreadsheet","Chinook salmon","Upper Columbia River spring-run","Spring","Listed Hatchery Adipose Clip","Adult","Unknown","Capture/Handle/Release Animal","Electrofishing, Boat",1,0,"Upper Columbia River spring-run Chinook salmon"
"12","15207-4R","NMFS 10a1A Salmon","Application Complete","Issued",2019-05-10,2023-12-31,2019-05-10,2023-12-31,"Renew: Assess the condition of rivers and streams in randomly-selected river systems in Idaho, Oregon and Washington to monitor, research and develop field protocols for assessing large rivers and streams.","Jason","Adams","Amnis Opes Institute, LLC",99999999,"N/A","N/A","Upper Columbia River basin - rivers and streams above (not including) the Yakima River","Locations are described in the attached spreadsheet","steelhead","Upper Columbia River","Summer","Listed Hatchery Adipose Clip","Adult","Unknown","Capture/Handle/Release Animal","Electrofishing, Boat",1,0,"Upper Columbia River steelhead"
"13","15207-4R","NMFS 10a1A Salmon","Application Complete","Issued",2019-05-10,2023-12-31,2019-05-10,2023-12-31,"Renew: Assess the condition of rivers and streams in randomly-selected river systems in Idaho, Oregon and Washington to monitor, research and develop field protocols for assessing large rivers and streams.","Jason","Adams","Amnis Opes Institute, LLC",99999999,"N/A","N/A","Upper Willamette River Basin - rivers and streams from Willamette Falls upstream","Locations are described in the attached spreadsheet","Chinook salmon","Upper Willamette River","Spring","Listed Hatchery Adipose Clip","Adult","Unknown","Capture/Handle/Release Animal","Electrofishing, Boat",4,0,"Upper Willamette River Chinook salmon"
"14","15207-4R","NMFS 10a1A Salmon","Application Complete","Issued",2019-05-10,2023-12-31,2019-05-10,2023-12-31,"Renew: Assess the condition of rivers and streams in randomly-selected river systems in Idaho, Oregon and Washington to monitor, research and develop field protocols for assessing large rivers and streams.","Jason","Adams","Amnis Opes Institute, LLC",99999999,"N/A","N/A","Upper Willamette River Basin - rivers and streams from Willamette Falls upstream","Locations are described in the attached spreadsheet","steelhead","Upper Willamette River","Winter","Natural","Adult","Unknown","Capture/Handle/Release Animal","Electrofishing, Boat",4,0,"Upper Willamette River steelhead"
"15","16303-2R","NMFS 10a1A Salmon","Application Complete","Issued",2018-02-09,2022-12-31,2018-02-09,2022-12-31,"Renew: Marine Juvenile Salmon Investigations in survival and Growth","David","Beauchamp","U.S. Geological Survey",NA,"Admiralty Inlet",NA,NA,"All marine waters of Hood Canal, Puget Sound, and the Strait of Juan de Fuca","bocaccio","Puget Sound/Georgia Basin DPS","N/A","Natural","Adult","Male and Female","Capture/Handle/Release Animal","Trawl, Midwater",4,2,"Puget Sound/Georgia Basin DPS bocaccio"
"16","16303-2R","NMFS 10a1A Salmon","Application Complete","Issued",2018-02-09,2022-12-31,2018-02-09,2022-12-31,"Renew: Marine Juvenile Salmon Investigations in survival and Growth","David","Beauchamp","U.S. Geological Survey",NA,"Admiralty Inlet",NA,NA,"All marine waters of Hood Canal, Puget Sound, and the Strait of Juan de Fuca","Chinook salmon","Puget Sound","Mixed","Listed Hatchery Intact Adipose","Adult","Male and Female","Capture/Handle/Release Animal","Trawl, Midwater",20,2,"Puget Sound Chinook salmon"
"17","16303-2R","NMFS 10a1A Salmon","Application Complete","Issued",2018-02-09,2022-12-31,2018-02-09,2022-12-31,"Renew: Marine Juvenile Salmon Investigations in survival and Growth","David","Beauchamp","U.S. Geological Survey",NA,"Admiralty Inlet",NA,NA,"All marine waters of Hood Canal, Puget Sound, and the Strait of Juan de Fuca","Chinook salmon","Puget Sound","Mixed","Listed Hatchery Intact Adipose","Adult","Male and Female","Capture/Mark, Tag, Sample Tissue/Release Live Animal","Hook and line/angler/rod and reel",100,0,"Puget Sound Chinook salmon"
"18","16303-2R","NMFS 10a1A Salmon","Application Complete","Issued",2018-02-09,2022-12-31,2018-02-09,2022-12-31,"Renew: Marine Juvenile Salmon Investigations in survival and Growth","David","Beauchamp","U.S. Geological Survey",NA,"Admiralty Inlet",NA,NA,"All marine waters of Hood Canal, Puget Sound, and the Strait of Juan de Fuca","Chinook salmon","Puget Sound","Mixed","Natural","Adult","Male and Female","Capture/Mark, Tag, Sample Tissue/Release Live Animal","Seine, Purse",100,2,"Puget Sound Chinook salmon"
"19","16329-3R","NMFS 10a1A Salmon","Application Complete","Issued",2019-05-22,2023-12-31,2019-05-22,2023-12-31,"Renew: Modification: Oregon Department of Environmental Quality, Laboratory and Environmental Assessment Division, Fish Monitoring Programs, 2019 - 2023",NA,NA,"Oregon Department of Environmental Quality",99999999,"N/A","N/A","Waterbodies across the state of Oregon","Sample locations are not identified at this time.  Final sampling list depends on future monitoring budgets, agency priorities, legislative mandates, landowner access permission, water levels during the sampling window, and safety considerations.","Chinook salmon","Lower Columbia River","Mixed","Natural","Adult","Unknown","Capture/Handle/Release Animal","Electrofishing, Boat",2,0,"Lower Columbia River Chinook salmon"
"20","16329-3R","NMFS 10a1A Salmon","Application Complete","Issued",2019-05-22,2023-12-31,2019-05-22,2023-12-31,"Renew: Modification: Oregon Department of Environmental Quality, Laboratory and Environmental Assessment Division, Fish Monitoring Programs, 2019 - 2023",NA,NA,"Oregon Department of Environmental Quality",99999999,"N/A","N/A","Waterbodies across the state of Oregon","Sample locations are not identified at this time.  Final sampling list depends on future monitoring budgets, agency priorities, legislative mandates, landowner access permission, water levels during the sampling window, and safety considerations.","Chinook salmon","Snake River fall-run","Fall","Natural","Adult","Unknown","Capture/Handle/Release Animal","Electrofishing, Boat",2,0,"Snake River fall-run Chinook salmon"
"21","16329-3R","NMFS 10a1A Salmon","Application Complete","Issued",2019-05-22,2023-12-31,2019-05-22,2023-12-31,"Renew: Modification: Oregon Department of Environmental Quality, Laboratory and Environmental Assessment Division, Fish Monitoring Programs, 2019 - 2023",NA,NA,"Oregon Department of Environmental Quality",99999999,"N/A","N/A","Waterbodies across the state of Oregon","Sample locations are not identified at this time.  Final sampling list depends on future monitoring budgets, agency priorities, legislative mandates, landowner access permission, water levels during the sampling window, and safety considerations.","Chinook salmon","Snake River spring/summer-run","Spring/Summer","Natural","Adult","Unknown","Capture/Handle/Release Animal","Electrofishing, Boat",2,0,"Snake River spring/summer-run Chinook salmon"
"22","16329-3R","NMFS 10a1A Salmon","Application Complete","Issued",2019-05-22,2023-12-31,2019-05-22,2023-12-31,"Renew: Modification: Oregon Department of Environmental Quality, Laboratory and Environmental Assessment Division, Fish Monitoring Programs, 2019 - 2023",NA,NA,"Oregon Department of Environmental Quality",99999999,"N/A","N/A","Waterbodies across the state of Oregon","Sample locations are not identified at this time.  Final sampling list depends on future monitoring budgets, agency priorities, legislative mandates, landowner access permission, water levels during the sampling window, and safety considerations.","Chinook salmon","Upper Columbia River spring-run","Spring","Natural","Adult","Unknown","Capture/Handle/Release Animal","Electrofishing, Boat",2,0,"Upper Columbia River spring-run Chinook salmon"
"23","16329-3R","NMFS 10a1A Salmon","Application Complete","Issued",2019-05-22,2023-12-31,2019-05-22,2023-12-31,"Renew: Modification: Oregon Department of Environmental Quality, Laboratory and Environmental Assessment Division, Fish Monitoring Programs, 2019 - 2023",NA,NA,"Oregon Department of Environmental Quality",99999999,"N/A","N/A","Waterbodies across the state of Oregon","Sample locations are not identified at this time.  Final sampling list depends on future monitoring budgets, agency priorities, legislative mandates, landowner access permission, water levels during the sampling window, and safety considerations.","Chinook salmon","Upper Willamette River","Spring","Natural","Adult","Unknown","Capture/Handle/Release Animal","Electrofishing, Boat",2,0,"Upper Willamette River Chinook salmon"
"24","16329-3R","NMFS 10a1A Salmon","Application Complete","Issued",2019-05-22,2023-12-31,2019-05-22,2023-12-31,"Renew: Modification: Oregon Department of Environmental Quality, Laboratory and Environmental Assessment Division, Fish Monitoring Programs, 2019 - 2023",NA,NA,"Oregon Department of Environmental Quality",99999999,"N/A","N/A","Waterbodies across the state of Oregon","Sample locations are not identified at this time.  Final sampling list depends on future monitoring budgets, agency priorities, legislative mandates, landowner access permission, water levels during the sampling window, and safety considerations.","coho salmon","Lower Columbia River","N/A","Listed Hatchery Adipose Clip","Adult","Unknown","Capture/Handle/Release Animal","Hook and line/angler/rod and reel",2,0,"Lower Columbia River coho salmon"
"25","16329-3R","NMFS 10a1A Salmon","Application Complete","Issued",2019-05-22,2023-12-31,2019-05-22,2023-12-31,"Renew: Modification: Oregon Department of Environmental Quality, Laboratory and Environmental Assessment Division, Fish Monitoring Programs, 2019 - 2023",NA,NA,"Oregon Department of Environmental Quality",99999999,"N/A","N/A","Waterbodies across the state of Oregon","Sample locations are not identified at this time.  Final sampling list depends on future monitoring budgets, agency priorities, legislative mandates, landowner access permission, water levels during the sampling window, and safety considerations.","coho salmon","Lower Columbia River","N/A","Natural","Adult","Unknown","Capture/Handle/Release Animal","Electrofishing, Backpack",2,0,"Lower Columbia River coho salmon"
"26","16329-3R","NMFS 10a1A Salmon","Application Complete","Issued",2019-05-22,2023-12-31,2019-05-22,2023-12-31,"Renew: Modification: Oregon Department of Environmental Quality, Laboratory and Environmental Assessment Division, Fish Monitoring Programs, 2019 - 2023",NA,NA,"Oregon Department of Environmental Quality",99999999,"N/A","N/A","Waterbodies across the state of Oregon","Sample locations are not identified at this time.  Final sampling list depends on future monitoring budgets, agency priorities, legislative mandates, landowner access permission, water levels during the sampling window, and safety considerations.","coho salmon","Oregon Coast","N/A","Listed Hatchery Adipose Clip","Adult","Unknown","Capture/Handle/Release Animal","Hook and line/angler/rod and reel",2,0,"Oregon Coast coho salmon"
"27","16329-3R","NMFS 10a1A Salmon","Application Complete","Issued",2019-05-22,2023-12-31,2019-05-22,2023-12-31,"Renew: Modification: Oregon Department of Environmental Quality, Laboratory and Environmental Assessment Division, Fish Monitoring Programs, 2019 - 2023",NA,NA,"Oregon Department of Environmental Quality",99999999,"N/A","N/A","Waterbodies across the state of Oregon","Sample locations are not identified at this time.  Final sampling list depends on future monitoring budgets, agency priorities, legislative mandates, landowner access permission, water levels during the sampling window, and safety considerations.","coho salmon","Oregon Coast","N/A","Natural","Adult","Unknown","Capture/Handle/Release Animal","Electrofishing, Backpack",2,0,"Oregon Coast coho salmon"
"28","16329-3R","NMFS 10a1A Salmon","Application Complete","Issued",2019-05-22,2023-12-31,2019-05-22,2023-12-31,"Renew: Modification: Oregon Department of Environmental Quality, Laboratory and Environmental Assessment Division, Fish Monitoring Programs, 2019 - 2023",NA,NA,"Oregon Department of Environmental Quality",99999999,"N/A","N/A","Waterbodies across the state of Oregon","Sample locations are not identified at this time.  Final sampling list depends on future monitoring budgets, agency priorities, legislative mandates, landowner access permission, water levels during the sampling window, and safety considerations.","coho salmon","Southern Oregon/Northern California Coast","N/A","Listed Hatchery Adipose Clip","Adult","Unknown","Capture/Handle/Release Animal","Hook and line/angler/rod and reel",1,0,"Southern Oregon/Northern California Coast coho salmon"
"29","16329-3R","NMFS 10a1A Salmon","Application Complete","Issued",2019-05-22,2023-12-31,2019-05-22,2023-12-31,"Renew: Modification: Oregon Department of Environmental Quality, Laboratory and Environmental Assessment Division, Fish Monitoring Programs, 2019 - 2023",NA,NA,"Oregon Department of Environmental Quality",99999999,"N/A","N/A","Waterbodies across the state of Oregon","Sample locations are not identified at this time.  Final sampling list depends on future monitoring budgets, agency priorities, legislative mandates, landowner access permission, water levels during the sampling window, and safety considerations.","coho salmon","Southern Oregon/Northern California Coast","N/A","Natural","Adult","Unknown","Capture/Handle/Release Animal","Electrofishing, Backpack",1,0,"Southern Oregon/Northern California Coast coho salmon"
"30","16329-3R","NMFS 10a1A Salmon","Application Complete","Issued",2019-05-22,2023-12-31,2019-05-22,2023-12-31,"Renew: Modification: Oregon Department of Environmental Quality, Laboratory and Environmental Assessment Division, Fish Monitoring Programs, 2019 - 2023",NA,NA,"Oregon Department of Environmental Quality",99999999,"N/A","N/A","Waterbodies across the state of Oregon","Sample locations are not identified at this time.  Final sampling list depends on future monitoring budgets, agency priorities, legislative mandates, landowner access permission, water levels during the sampling window, and safety considerations.","steelhead","Lower Columbia River","Mixed","Listed Hatchery Adipose Clip","Adult","Unknown","Capture/Handle/Release Animal","Hook and line/angler/rod and reel",2,0,"Lower Columbia River steelhead"
"31","16329-3R","NMFS 10a1A Salmon","Application Complete","Issued",2019-05-22,2023-12-31,2019-05-22,2023-12-31,"Renew: Modification: Oregon Department of Environmental Quality, Laboratory and Environmental Assessment Division, Fish Monitoring Programs, 2019 - 2023",NA,NA,"Oregon Department of Environmental Quality",99999999,"N/A","N/A","Waterbodies across the state of Oregon","Sample locations are not identified at this time.  Final sampling list depends on future monitoring budgets, agency priorities, legislative mandates, landowner access permission, water levels during the sampling window, and safety considerations.","steelhead","Lower Columbia River","Mixed","Natural","Adult","Unknown","Capture/Handle/Release Animal","Electrofishing, Backpack",2,0,"Lower Columbia River steelhead"
"32","16329-3R","NMFS 10a1A Salmon","Application Complete","Issued",2019-05-22,2023-12-31,2019-05-22,2023-12-31,"Renew: Modification: Oregon Department of Environmental Quality, Laboratory and Environmental Assessment Division, Fish Monitoring Programs, 2019 - 2023",NA,NA,"Oregon Department of Environmental Quality",99999999,"N/A","N/A","Waterbodies across the state of Oregon","Sample locations are not identified at this time.  Final sampling list depends on future monitoring budgets, agency priorities, legislative mandates, landowner access permission, water levels during the sampling window, and safety considerations.","steelhead","Middle Columbia River","Summer","Listed Hatchery Adipose Clip","Adult","Unknown","Capture/Handle/Release Animal","Hook and line/angler/rod and reel",2,0,"Middle Columbia River steelhead"
"33","16329-3R","NMFS 10a1A Salmon","Application Complete","Issued",2019-05-22,2023-12-31,2019-05-22,2023-12-31,"Renew: Modification: Oregon Department of Environmental Quality, Laboratory and Environmental Assessment Division, Fish Monitoring Programs, 2019 - 2023",NA,NA,"Oregon Department of Environmental Quality",99999999,"N/A","N/A","Waterbodies across the state of Oregon","Sample locations are not identified at this time.  Final sampling list depends on future monitoring budgets, agency priorities, legislative mandates, landowner access permission, water levels during the sampling window, and safety considerations.","steelhead","Middle Columbia River","Summer","Natural","Adult","Unknown","Capture/Handle/Release Animal","Electrofishing, Backpack",2,0,"Middle Columbia River steelhead"
"34","16329-3R","NMFS 10a1A Salmon","Application Complete","Issued",2019-05-22,2023-12-31,2019-05-22,2023-12-31,"Renew: Modification: Oregon Department of Environmental Quality, Laboratory and Environmental Assessment Division, Fish Monitoring Programs, 2019 - 2023",NA,NA,"Oregon Department of Environmental Quality",99999999,"N/A","N/A","Waterbodies across the state of Oregon","Sample locations are not identified at this time.  Final sampling list depends on future monitoring budgets, agency priorities, legislative mandates, landowner access permission, water levels during the sampling window, and safety considerations.","steelhead","Snake River Basin","Summer","Natural","Adult","Unknown","Capture/Handle/Release Animal","Electrofishing, Boat",2,0,"Snake River Basin steelhead"
"35","16329-3R","NMFS 10a1A Salmon","Application Complete","Issued",2019-05-22,2023-12-31,2019-05-22,2023-12-31,"Renew: Modification: Oregon Department of Environmental Quality, Laboratory and Environmental Assessment Division, Fish Monitoring Programs, 2019 - 2023",NA,NA,"Oregon Department of Environmental Quality",99999999,"N/A","N/A","Waterbodies across the state of Oregon","Sample locations are not identified at this time.  Final sampling list depends on future monitoring budgets, agency priorities, legislative mandates, landowner access permission, water levels during the sampling window, and safety considerations.","steelhead","Upper Columbia River","Summer","Natural","Adult","Unknown","Capture/Handle/Release Animal","Electrofishing, Boat",2,0,"Upper Columbia River steelhead"
"36","17062-6R","NMFS 10a1A Salmon","Application Complete","Issued",2020-03-31,2024-12-31,2020-03-31,2024-12-31,"Renew: Genetic variation and demographics of threatened rockfish populations in the Puget Sound DPS.",NA,NA,"NMFS Northwest Fisheries Science Center",99999999,"North Puget Sound","N/A","San Juan Islands and other coastal areas near Anacortes and Bellingham","Includes San Juan Islands and other coastal areas near Anacortes and Bellingham and the Straight of Juan de Fuca out to the western boundary of the Puget Sound/Georgia Basin DPS for yelloweye and bocaccio rockfish.","eulachon","Southern DPS","N/A","Natural","Adult","Unknown","Capture/Handle/Release Animal","Trap, Not listed here",5,1,"Southern DPS eulachon"
"37","17077-3R","NMFS 10a1A Salmon","Application Complete","Issued",2021-03-30,2025-12-31,2021-03-30,2025-12-31,"Renew: Identifying habitat characteristics that support native fish in the Delta and Suisun Marsh","John","Durand","University of California at Davis",99999999,"N/A","N/A","San Francisco Estuary","Sherman Island

USGS Quadrangles: Antioch North, Jersey Island","Chinook salmon","Central Valley spring-run","N/A","Listed Hatchery Adipose Clip","Adult","Male and Female","Capture/Handle/Release Animal","Trawl, Otter",2,0,"Central Valley spring-run Chinook salmon"
"38","17077-3R","NMFS 10a1A Salmon","Application Complete","Issued",2021-03-30,2025-12-31,2021-03-30,2025-12-31,"Renew: Identifying habitat characteristics that support native fish in the Delta and Suisun Marsh","John","Durand","University of California at Davis",99999999,"N/A","N/A","San Francisco Estuary","Sherman Island

USGS Quadrangles: Antioch North, Jersey Island","Chinook salmon","Central Valley spring-run","N/A","Natural","Adult","Male and Female","Capture/Handle/Release Animal","Electrofishing, Boat",2,0,"Central Valley spring-run Chinook salmon"
"39","17077-3R","NMFS 10a1A Salmon","Application Complete","Issued",2021-03-30,2025-12-31,2021-03-30,2025-12-31,"Renew: Identifying habitat characteristics that support native fish in the Delta and Suisun Marsh","John","Durand","University of California at Davis",99999999,"N/A","N/A","San Francisco Estuary","Sherman Island

USGS Quadrangles: Antioch North, Jersey Island","Chinook salmon","Sacramento River winter-run","Winter","Listed Hatchery Adipose Clip","Adult","Male and Female","Capture/Handle/Release Animal","Trawl, Otter",2,0,"Sacramento River winter-run Chinook salmon"
"40","17077-3R","NMFS 10a1A Salmon","Application Complete","Issued",2021-03-30,2025-12-31,2021-03-30,2025-12-31,"Renew: Identifying habitat characteristics that support native fish in the Delta and Suisun Marsh","John","Durand","University of California at Davis",99999999,"N/A","N/A","San Francisco Estuary","Sherman Island

USGS Quadrangles: Antioch North, Jersey Island","Chinook salmon","Sacramento River winter-run","Winter","Natural","Adult","Male and Female","Capture/Handle/Release Animal","Electrofishing, Boat",2,0,"Sacramento River winter-run Chinook salmon"
"41","17077-3R","NMFS 10a1A Salmon","Application Complete","Issued",2021-03-30,2025-12-31,2021-03-30,2025-12-31,"Renew: Identifying habitat characteristics that support native fish in the Delta and Suisun Marsh","John","Durand","University of California at Davis",99999999,"N/A","N/A","San Francisco Estuary","Sherman Island

USGS Quadrangles: Antioch North, Jersey Island","steelhead","California Central Valley","N/A","Listed Hatchery Adipose Clip","Adult","Male and Female","Capture/Handle/Release Animal","Trawl, Otter",2,0,"California Central Valley steelhead"
"42","17077-3R","NMFS 10a1A Salmon","Application Complete","Issued",2021-03-30,2025-12-31,2021-03-30,2025-12-31,"Renew: Identifying habitat characteristics that support native fish in the Delta and Suisun Marsh","John","Durand","University of California at Davis",99999999,"N/A","N/A","San Francisco Estuary","Sherman Island

USGS Quadrangles: Antioch North, Jersey Island","steelhead","California Central Valley","N/A","Natural","Adult","Male and Female","Capture/Handle/Release Animal","Electrofishing, Boat",2,0,"California Central Valley steelhead"
"43","19320-2R","NMFS 10a1A Salmon","Application Complete","Issued",2021-03-31,2025-12-31,2021-03-31,2025-12-31,"Renew: Distribution, growth, and condition of juvenile and subadult salmonids in the central California Current Ecosystem.",NA,NA,"NMFS Southwest Fisheries Science Center",99999999,"N/A","N/A",NA,"Pacific Ocean off California, areas offshore: Smith River, Klamath River, Mussel Point, Trinidad Head, Eel River, Big Flat, Albion River, Gualala Point, Fort Ross, Tomales Bay, Bolinas Bay, Pillar Point, and Pidgeon Point. *Alternate method = beach seine.","Chinook salmon","California Coastal","Mixed","Natural","Adult","Male and Female","Capture/Mark, Tag, Sample Tissue/Release Live Animal","Trawl, Nordic Surface",34,0,"California Coastal Chinook salmon"
"44","19320-2R","NMFS 10a1A Salmon","Application Complete","Issued",2021-03-31,2025-12-31,2021-03-31,2025-12-31,"Renew: Distribution, growth, and condition of juvenile and subadult salmonids in the central California Current Ecosystem.",NA,NA,"NMFS Southwest Fisheries Science Center",99999999,"N/A","N/A",NA,"Pacific Ocean off California, areas offshore: Smith River, Klamath River, Mussel Point, Trinidad Head, Eel River, Big Flat, Albion River, Gualala Point, Fort Ross, Tomales Bay, Bolinas Bay, Pillar Point, and Pidgeon Point. *Alternate method = beach seine.","Chinook salmon","Central Valley spring-run","Spring","Listed Hatchery Adipose Clip","Adult","Male and Female","Intentional (Directed) Mortality","Trawl, Nordic Surface",2,0,"Central Valley spring-run Chinook salmon"
"45","19320-2R","NMFS 10a1A Salmon","Application Complete","Issued",2021-03-31,2025-12-31,2021-03-31,2025-12-31,"Renew: Distribution, growth, and condition of juvenile and subadult salmonids in the central California Current Ecosystem.",NA,NA,"NMFS Southwest Fisheries Science Center",99999999,"N/A","N/A",NA,"Pacific Ocean off California, areas offshore: Smith River, Klamath River, Mussel Point, Trinidad Head, Eel River, Big Flat, Albion River, Gualala Point, Fort Ross, Tomales Bay, Bolinas Bay, Pillar Point, and Pidgeon Point. *Alternate method = beach seine.","Chinook salmon","Lower Columbia River","Mixed","Listed Hatchery Adipose Clip","Adult","Male and Female","Capture/Mark, Tag, Sample Tissue/Release Live Animal","Trawl, Nordic Surface",1,0,"Lower Columbia River Chinook salmon"
"46","19320-2R","NMFS 10a1A Salmon","Application Complete","Issued",2021-03-31,2025-12-31,2021-03-31,2025-12-31,"Renew: Distribution, growth, and condition of juvenile and subadult salmonids in the central California Current Ecosystem.",NA,NA,"NMFS Southwest Fisheries Science Center",99999999,"N/A","N/A",NA,"Pacific Ocean off California, areas offshore: Smith River, Klamath River, Mussel Point, Trinidad Head, Eel River, Big Flat, Albion River, Gualala Point, Fort Ross, Tomales Bay, Bolinas Bay, Pillar Point, and Pidgeon Point. *Alternate method = beach seine.","coho salmon","Southern Oregon/Northern California Coast","N/A","Listed Hatchery Adipose Clip","Adult","Male and Female","Capture/Mark, Tag, Sample Tissue/Release Live Animal","Trawl, Nordic Surface",11,0,"Southern Oregon/Northern California Coast coho salmon"
"47","19320-2R","NMFS 10a1A Salmon","Application Complete","Issued",2021-03-31,2025-12-31,2021-03-31,2025-12-31,"Renew: Distribution, growth, and condition of juvenile and subadult salmonids in the central California Current Ecosystem.",NA,NA,"NMFS Southwest Fisheries Science Center",99999999,"N/A","N/A",NA,"Pacific Ocean off California, areas offshore: Smith River, Klamath River, Mussel Point, Trinidad Head, Eel River, Big Flat, Albion River, Gualala Point, Fort Ross, Tomales Bay, Bolinas Bay, Pillar Point, and Pidgeon Point. *Alternate method = beach seine.","coho salmon","Southern Oregon/Northern California Coast","N/A","Listed Hatchery Intact Adipose","Adult","Male and Female","Intentional (Directed) Mortality","Trawl, Nordic Surface",6,0,"Southern Oregon/Northern California Coast coho salmon"
"48","19320-2R","NMFS 10a1A Salmon","Application Complete","Issued",2021-03-31,2025-12-31,2021-03-31,2025-12-31,"Renew: Distribution, growth, and condition of juvenile and subadult salmonids in the central California Current Ecosystem.",NA,NA,"NMFS Southwest Fisheries Science Center",99999999,"N/A","N/A",NA,"Pacific Ocean off California, areas offshore: Smith River, Klamath River, Mussel Point, Trinidad Head, Eel River, Big Flat, Albion River, Gualala Point, Fort Ross, Tomales Bay, Bolinas Bay, Pillar Point, and Pidgeon Point. *Alternate method = beach seine.","steelhead","California Central Valley","N/A","Natural","Adult","Male and Female","Intentional (Directed) Mortality","Trawl, Nordic Surface",3,0,"California Central Valley steelhead"
"49","19320-2R","NMFS 10a1A Salmon","Application Complete","Issued",2021-03-31,2025-12-31,2021-03-31,2025-12-31,"Renew: Distribution, growth, and condition of juvenile and subadult salmonids in the central California Current Ecosystem.",NA,NA,"NMFS Southwest Fisheries Science Center",99999999,"N/A","N/A",NA,"Pacific Ocean off California, areas offshore: Smith River, Klamath River, Mussel Point, Trinidad Head, Eel River, Big Flat, Albion River, Gualala Point, Fort Ross, Tomales Bay, Bolinas Bay, Pillar Point, and Pidgeon Point. *Alternate method = beach seine.","steelhead","Central California Coast","N/A","Natural","Adult","Male and Female","Capture/Mark, Tag, Sample Tissue/Release Live Animal","Trawl, Nordic Surface",1,0,"Central California Coast steelhead"
"50","19320-2R","NMFS 10a1A Salmon","Application Complete","Issued",2021-03-31,2025-12-31,2021-03-31,2025-12-31,"Renew: Distribution, growth, and condition of juvenile and subadult salmonids in the central California Current Ecosystem.",NA,NA,"NMFS Southwest Fisheries Science Center",99999999,"N/A","N/A",NA,"Pacific Ocean off California, areas offshore: Smith River, Klamath River, Mussel Point, Trinidad Head, Eel River, Big Flat, Albion River, Gualala Point, Fort Ross, Tomales Bay, Bolinas Bay, Pillar Point, and Pidgeon Point. *Alternate method = beach seine.","steelhead","Northern California","N/A","Natural","Adult","Male and Female","Intentional (Directed) Mortality","Trawl, Nordic Surface",5,0,"Northern California steelhead"
"51","20047-2R","NMFS 10a1A Salmon","Application Complete","Issued",2019-05-24,2023-12-31,2019-05-24,2023-12-31,"Renew: Fish communities of seagrass-vegetated and unvegetated tideflats in Puget Sound and Willapa Bay, Washington","Jennifer","Ruesink","University of Washington",99999999,"Hood Canal","N/A","Port Gamble Bay","Intertidal zone of Port Gamble Bay","eulachon","Southern DPS","N/A","Natural","Adult","Unknown","Capture/Handle/Release Animal","Seine, Beach",5,1,"Southern DPS eulachon"
"52","20104-2R","NMFS 10a1A Salmon","Application Complete","Issued",2019-05-21,2023-12-31,2019-05-21,2023-12-31,"Renew: Quantification of functional relationships between shellfish 
culture, burrowing shrimp & seagrass in U.S. west coast estuaries to inform regulatory decisions",NA,NA,"Pacific Shellfish Institute",99999999,"North Puget Sound","N/A","Samish Bay","Sites are located in the intertidal zone in eelgrass, bare mud habitat and oyster aquaculture habitat.","green sturgeon","Southern DPS","N/A","Natural","Adult","Male and Female","Observe/Harass","Net, Fyke",20,0,"Southern DPS green sturgeon"
"53","21837","NMFS 10a1A Salmon","Application Complete","Issued",2018-07-10,2022-12-31,2018-07-10,2022-12-31,"Seasonal movements and energy budgets of coastal cutthroat trout in the Willamette River","Jonathan","Armstrong","Oregon State University",99999999,"N/A","N/A","Willamette, Tualitin, and Yamhill Rivers","Willamette River from Willamette Falls upstream to its confluence with the Santiam River. Also includes west-side tributaries of the Willamette River","steelhead","Upper Willamette River","Winter","Natural","Adult","Male and Female","Capture/Handle/Release Animal","Electrofishing, Boat",2,0,"Upper Willamette River steelhead"
"54","22003-2A","NMFS 10a1A Salmon","Application Complete","Issued",2021-06-22,2023-12-31,2019-05-10,2023-12-31,"King County Contaminant Monitoring in Marine Fish Tissue",NA,NA,"King County Department of Natural Resources and Parks",99999999,"South Puget Sound","N/A",NA,"Trawls for English sole and rockfish include 6 locations in King County in central Puget Sound (+1 reference site) included on the attached map. Sampling is anticipated in 2019, 2021, and 2023.","bocaccio","Puget Sound/Georgia Basin DPS","N/A","Natural","Adult","Unknown","Capture/Handle/Release Animal","Trawl, Bottom",2,1,"Puget Sound/Georgia Basin DPS bocaccio"
"55","22003-2A","NMFS 10a1A Salmon","Application Complete","Issued",2021-06-22,2023-12-31,2019-05-10,2023-12-31,"King County Contaminant Monitoring in Marine Fish Tissue",NA,NA,"King County Department of Natural Resources and Parks",99999999,"South Puget Sound","N/A",NA,"Trawls for English sole and rockfish include 6 locations in King County in central Puget Sound (+1 reference site) included on the attached map. Sampling is anticipated in 2019, 2021, and 2023.","Chinook salmon","Puget Sound","Mixed","Listed Hatchery Adipose Clip","Adult","Unknown","Capture/Handle/Release Animal","Trawl, Bottom",3,1,"Puget Sound Chinook salmon"
"56","22003-2A","NMFS 10a1A Salmon","Application Complete","Issued",2021-06-22,2023-12-31,2019-05-10,2023-12-31,"King County Contaminant Monitoring in Marine Fish Tissue",NA,NA,"King County Department of Natural Resources and Parks",99999999,"South Puget Sound","N/A",NA,"Trawls for English sole and rockfish include 6 locations in King County in central Puget Sound (+1 reference site) included on the attached map. Sampling is anticipated in 2019, 2021, and 2023.","steelhead","Puget Sound","Mixed","Listed Hatchery Adipose Clip","Adult","Unknown","Capture/Handle/Release Animal","Trawl, Bottom",1,1,"Puget Sound steelhead"
"57","22003-2A","NMFS 10a1A Salmon","Application Complete","Issued",2021-06-22,2023-12-31,2019-05-10,2023-12-31,"King County Contaminant Monitoring in Marine Fish Tissue",NA,NA,"King County Department of Natural Resources and Parks",99999999,"South Puget Sound","N/A",NA,"Trawls for English sole and rockfish include 6 locations in King County in central Puget Sound (+1 reference site) included on the attached map. Sampling is anticipated in 2019, 2021, and 2023.","green sturgeon","Southern DPS","N/A","Natural","Adult","Unknown","Capture/Handle/Release Animal","Trawl, Bottom",1,0,"Southern DPS green sturgeon"
"58","22369","NMFS 10a1A Salmon","Application Complete","Issued",2019-05-10,2023-12-31,2019-05-10,2023-12-31,"Pacific Salmon Ocean Behavior and Distribution analysis by sampling or tagging with pop-up satellite and acoustic tags to better understand nearshore habitat use and behavior",NA,NA,"NMFS Northwest Fisheries Science Center",99999999,"N/A","N/A","Pacific Ocean","Washington coast off Neah Bay to south of the Columbia River in Oregon.","Chinook salmon","Lower Columbia River","Spring","Listed Hatchery Adipose Clip","Adult","Unknown","Capture/Mark, Tag, Sample Tissue/Release Live Animal","Hook and line/angler/rod and reel",5,0,"Lower Columbia River Chinook salmon"
"59","22369","NMFS 10a1A Salmon","Application Complete","Issued",2019-05-10,2023-12-31,2019-05-10,2023-12-31,"Pacific Salmon Ocean Behavior and Distribution analysis by sampling or tagging with pop-up satellite and acoustic tags to better understand nearshore habitat use and behavior",NA,NA,"NMFS Northwest Fisheries Science Center",99999999,"N/A","N/A","Pacific Ocean","Washington coast off Neah Bay to south of the Columbia River in Oregon.","Chinook salmon","Puget Sound","Spring","Listed Hatchery Intact Adipose","Adult","Unknown","Capture/Mark, Tag, Sample Tissue/Release Live Animal","Hook and line/angler/rod and reel",1,0,"Puget Sound Chinook salmon"
"60","22369","NMFS 10a1A Salmon","Application Complete","Issued",2019-05-10,2023-12-31,2019-05-10,2023-12-31,"Pacific Salmon Ocean Behavior and Distribution analysis by sampling or tagging with pop-up satellite and acoustic tags to better understand nearshore habitat use and behavior",NA,NA,"NMFS Northwest Fisheries Science Center",99999999,"N/A","N/A","Pacific Ocean","Washington coast off Neah Bay to south of the Columbia River in Oregon.","Chinook salmon","Snake River fall-run","Fall","Natural","Adult","Unknown","Capture/Mark, Tag, Sample Tissue/Release Live Animal","Hook and line/angler/rod and reel",3,0,"Snake River fall-run Chinook salmon"
"61","22369","NMFS 10a1A Salmon","Application Complete","Issued",2019-05-10,2023-12-31,2019-05-10,2023-12-31,"Pacific Salmon Ocean Behavior and Distribution analysis by sampling or tagging with pop-up satellite and acoustic tags to better understand nearshore habitat use and behavior",NA,NA,"NMFS Northwest Fisheries Science Center",99999999,"N/A","N/A","Pacific Ocean","Washington coast off Neah Bay to south of the Columbia River in Oregon.","Chinook salmon","Upper Columbia River spring-run","Spring","Listed Hatchery Adipose Clip","Adult","Unknown","Capture/Mark, Tag, Sample Tissue/Release Live Animal","Hook and line/angler/rod and reel",2,0,"Upper Columbia River spring-run Chinook salmon"
"62","22369","NMFS 10a1A Salmon","Application Complete","Issued",2019-05-10,2023-12-31,2019-05-10,2023-12-31,"Pacific Salmon Ocean Behavior and Distribution analysis by sampling or tagging with pop-up satellite and acoustic tags to better understand nearshore habitat use and behavior",NA,NA,"NMFS Northwest Fisheries Science Center",99999999,"N/A","N/A","Pacific Ocean","Washington coast off Neah Bay to south of the Columbia River in Oregon.","chum salmon","Columbia River","N/A","Natural","Adult","Unknown","Capture/Handle/Release Animal","Hook and line/angler/rod and reel",1,0,"Columbia River chum salmon"
"63","22369","NMFS 10a1A Salmon","Application Complete","Issued",2019-05-10,2023-12-31,2019-05-10,2023-12-31,"Pacific Salmon Ocean Behavior and Distribution analysis by sampling or tagging with pop-up satellite and acoustic tags to better understand nearshore habitat use and behavior",NA,NA,"NMFS Northwest Fisheries Science Center",99999999,"N/A","N/A","Pacific Ocean","Washington coast off Neah Bay to south of the Columbia River in Oregon.","steelhead","Middle Columbia River","Summer","Natural","Adult","Unknown","Capture/Mark, Tag, Sample Tissue/Release Live Animal","Hook and line/angler/rod and reel",5,0,"Middle Columbia River steelhead"
"64","22369","NMFS 10a1A Salmon","Application Complete","Issued",2019-05-10,2023-12-31,2019-05-10,2023-12-31,"Pacific Salmon Ocean Behavior and Distribution analysis by sampling or tagging with pop-up satellite and acoustic tags to better understand nearshore habitat use and behavior",NA,NA,"NMFS Northwest Fisheries Science Center",99999999,"N/A","N/A","Pacific Ocean","Washington coast off Neah Bay to south of the Columbia River in Oregon.","steelhead","Snake River Basin","Summer","Listed Hatchery Adipose Clip","Adult","Unknown","Capture/Mark, Tag, Sample Tissue/Release Live Animal","Hook and line/angler/rod and reel",5,0,"Snake River Basin steelhead"
"65","22369","NMFS 10a1A Salmon","Application Complete","Issued",2019-05-10,2023-12-31,2019-05-10,2023-12-31,"Pacific Salmon Ocean Behavior and Distribution analysis by sampling or tagging with pop-up satellite and acoustic tags to better understand nearshore habitat use and behavior",NA,NA,"NMFS Northwest Fisheries Science Center",99999999,"N/A","N/A","Pacific Ocean","Washington coast off Neah Bay to south of the Columbia River in Oregon.","steelhead","Upper Columbia River","Summer","Listed Hatchery Intact Adipose","Adult","Unknown","Capture/Mark, Tag, Sample Tissue/Release Live Animal","Hook and line/angler/rod and reel",4,0,"Upper Columbia River steelhead"
"66","23029-2R","NMFS 10a1A Salmon","Application Complete","Issued",2021-04-05,2025-12-31,2021-01-11,2025-12-31,"Renew: Assessment of Contaminant Exposure in Juvenile English Sole Fish Tissue in Puget Sound",NA,NA,"NMFS Northwest Fisheries Science Center",99999999,"South Puget Sound","N/A","Puget Sound river estuaries and bays","Skagit, Stillaguamish, Puyallup, Nisqually, Snohomish, Deschutes, Duwamish estuaries; Port Madison; Shilshole Bay; and Sinclair Inlet","Chinook salmon","Puget Sound","Fall","Natural","Adult","Male and Female","Capture/Handle/Release Animal","Trawl, Otter",10,1,"Puget Sound Chinook salmon"
"67","23600","NMFS 10a1A Salmon","Application Complete","Issued",2020-03-31,2022-12-31,2020-03-31,2022-12-31,"A multi-method movement ecology toolkit to understand and manage the PNW's deepwater predators","Camrin","Braun","University of Washington",99999999,"North Puget Sound","N/A",NA,"60-100m bottom depths in the North Sound and San Juan Islands.","bocaccio","Puget Sound/Georgia Basin DPS","N/A","Natural","Adult","Male and Female","Capture/Mark, Tag, Sample Tissue/Release Live Animal","Longline",2,1,"Puget Sound/Georgia Basin DPS bocaccio"
"68","23600","NMFS 10a1A Salmon","Application Complete","Issued",2020-03-31,2022-12-31,2020-03-31,2022-12-31,"A multi-method movement ecology toolkit to understand and manage the PNW's deepwater predators","Camrin","Braun","University of Washington",99999999,"North Puget Sound","N/A",NA,"60-100m bottom depths in the North Sound and San Juan Islands.","steelhead","Puget Sound","Mixed","Listed Hatchery Adipose Clip","Adult","Male and Female","Capture/Handle/Release Animal","Longline",1,0,"Puget Sound steelhead"
"69","23600","NMFS 10a1A Salmon","Application Complete","Issued",2020-03-31,2022-12-31,2020-03-31,2022-12-31,"A multi-method movement ecology toolkit to understand and manage the PNW's deepwater predators","Camrin","Braun","University of Washington",99999999,"South Puget Sound","N/A",NA,"60-100m bottom depths in the South Sound but focused in Elliott Bay and around Tacoma","Chinook salmon","Puget Sound","Mixed","Listed Hatchery Adipose Clip","Adult","Male and Female","Capture/Handle/Release Animal","Longline",1,0,"Puget Sound Chinook salmon"
"70","23600","NMFS 10a1A Salmon","Application Complete","Issued",2020-03-31,2022-12-31,2020-03-31,2022-12-31,"A multi-method movement ecology toolkit to understand and manage the PNW's deepwater predators","Camrin","Braun","University of Washington",99999999,"Strait of Juan de Fuca","N/A",NA,"60-100m bottom depths in the Strait","bocaccio","Puget Sound/Georgia Basin DPS","N/A","Natural","Adult","Male and Female","Capture/Mark, Tag, Sample Tissue/Release Live Animal","Longline",2,1,"Puget Sound/Georgia Basin DPS bocaccio"
"71","23600","NMFS 10a1A Salmon","Application Complete","Issued",2020-03-31,2022-12-31,2020-03-31,2022-12-31,"A multi-method movement ecology toolkit to understand and manage the PNW's deepwater predators","Camrin","Braun","University of Washington",99999999,"Strait of Juan de Fuca","N/A",NA,"60-100m bottom depths in the Strait","chum salmon","Hood Canal summer-run","N/A","Natural","Adult","Male and Female","Capture/Handle/Release Animal","Longline",1,0,"Hood Canal summer-run chum salmon"
"72","23600","NMFS 10a1A Salmon","Application Complete","Issued",2020-03-31,2022-12-31,2020-03-31,2022-12-31,"A multi-method movement ecology toolkit to understand and manage the PNW's deepwater predators","Camrin","Braun","University of Washington",99999999,"Whidbey Basin","N/A",NA,"60-100m bottom depths in the Whidbey Basin, especially Possession Sound","yelloweye rockfish","Puget Sound/Georgia Basin DPS","N/A","Natural","Adult","Male and Female","Capture/Mark, Tag, Sample Tissue/Release Live Animal","Longline",2,1,"Puget Sound/Georgia Basin DPS yelloweye rockfish"
"73","23600","NMFS 10a1A Salmon","Application Complete","Issued",2020-03-31,2022-12-31,2020-03-31,2022-12-31,"A multi-method movement ecology toolkit to understand and manage the PNW's deepwater predators","Camrin","Braun","University of Washington",99999999,"Whidbey Basin","N/A",NA,"60-100m bottom depths in the Whidbey Basin, especially Possession Sound","steelhead","Puget Sound","Mixed","Natural","Adult","Male and Female","Capture/Handle/Release Animal","Longline",1,0,"Puget Sound steelhead"
"74","25463","NMFS 10a1A Salmon","Application Complete","Issued",2021-03-30,2025-12-31,2021-03-30,2025-12-31,"MPSL-MLML California State Water Board Bioaccumulation Monitoring",NA,NA,"Moss Landing Marine Labs, MPSL",99999999,"N/A","N/A","California inland estuarine, delta, and freshwaters","California statewide estuarine, delta, and freshwater streams, rivers, lakes, and reservoirs will be sampled.","Chinook salmon","California Coastal","Mixed","Natural","Adult","Unknown","Capture/Handle/Release Animal","Electrofishing, Backpack",1,0,"California Coastal Chinook salmon"
"75","25463","NMFS 10a1A Salmon","Application Complete","Issued",2021-03-30,2025-12-31,2021-03-30,2025-12-31,"MPSL-MLML California State Water Board Bioaccumulation Monitoring",NA,NA,"Moss Landing Marine Labs, MPSL",99999999,"N/A","N/A","California inland estuarine, delta, and freshwaters","California statewide estuarine, delta, and freshwater streams, rivers, lakes, and reservoirs will be sampled.","Chinook salmon","California Coastal","Mixed","Natural","Adult","Unknown","Capture/Handle/Release Animal","Seine, Beach",1,0,"California Coastal Chinook salmon"
"76","25463","NMFS 10a1A Salmon","Application Complete","Issued",2021-03-30,2025-12-31,2021-03-30,2025-12-31,"MPSL-MLML California State Water Board Bioaccumulation Monitoring",NA,NA,"Moss Landing Marine Labs, MPSL",99999999,"N/A","N/A","California inland estuarine, delta, and freshwaters","California statewide estuarine, delta, and freshwater streams, rivers, lakes, and reservoirs will be sampled.","Chinook salmon","Central Valley spring-run","Mixed","Natural","Adult","Unknown","Capture/Handle/Release Animal","Hook and line/angler/rod and reel",1,0,"Central Valley spring-run Chinook salmon"
"77","25463","NMFS 10a1A Salmon","Application Complete","Issued",2021-03-30,2025-12-31,2021-03-30,2025-12-31,"MPSL-MLML California State Water Board Bioaccumulation Monitoring",NA,NA,"Moss Landing Marine Labs, MPSL",99999999,"N/A","N/A","California inland estuarine, delta, and freshwaters","California statewide estuarine, delta, and freshwater streams, rivers, lakes, and reservoirs will be sampled.","Chinook salmon","Central Valley spring-run","Mixed","Natural","Adult","Unknown","Capture/Handle/Release Animal","Trap, Minnow",1,0,"Central Valley spring-run Chinook salmon"
"78","25463","NMFS 10a1A Salmon","Application Complete","Issued",2021-03-30,2025-12-31,2021-03-30,2025-12-31,"MPSL-MLML California State Water Board Bioaccumulation Monitoring",NA,NA,"Moss Landing Marine Labs, MPSL",99999999,"N/A","N/A","California inland estuarine, delta, and freshwaters","California statewide estuarine, delta, and freshwater streams, rivers, lakes, and reservoirs will be sampled.","Chinook salmon","Sacramento River winter-run","Winter","Natural","Adult","Unknown","Capture/Handle/Release Animal","Electrofishing, Backpack",1,0,"Sacramento River winter-run Chinook salmon"
"79","25463","NMFS 10a1A Salmon","Application Complete","Issued",2021-03-30,2025-12-31,2021-03-30,2025-12-31,"MPSL-MLML California State Water Board Bioaccumulation Monitoring",NA,NA,"Moss Landing Marine Labs, MPSL",99999999,"N/A","N/A","California inland estuarine, delta, and freshwaters","California statewide estuarine, delta, and freshwater streams, rivers, lakes, and reservoirs will be sampled.","Chinook salmon","Sacramento River winter-run","Winter","Natural","Adult","Unknown","Capture/Handle/Release Animal","Net, Gill",1,0,"Sacramento River winter-run Chinook salmon"
"80","25463","NMFS 10a1A Salmon","Application Complete","Issued",2021-03-30,2025-12-31,2021-03-30,2025-12-31,"MPSL-MLML California State Water Board Bioaccumulation Monitoring",NA,NA,"Moss Landing Marine Labs, MPSL",99999999,"N/A","N/A","California inland estuarine, delta, and freshwaters","California statewide estuarine, delta, and freshwater streams, rivers, lakes, and reservoirs will be sampled.","coho salmon","Central California Coast","N/A","Natural","Adult","Unknown","Capture/Handle/Release Animal","Hook and line/angler/rod and reel",1,0,"Central California Coast coho salmon"
"81","25463","NMFS 10a1A Salmon","Application Complete","Issued",2021-03-30,2025-12-31,2021-03-30,2025-12-31,"MPSL-MLML California State Water Board Bioaccumulation Monitoring",NA,NA,"Moss Landing Marine Labs, MPSL",99999999,"N/A","N/A","California inland estuarine, delta, and freshwaters","California statewide estuarine, delta, and freshwater streams, rivers, lakes, and reservoirs will be sampled.","coho salmon","Central California Coast","N/A","Natural","Adult","Unknown","Capture/Handle/Release Animal","Trap, Minnow",1,0,"Central California Coast coho salmon"
"82","25463","NMFS 10a1A Salmon","Application Complete","Issued",2021-03-30,2025-12-31,2021-03-30,2025-12-31,"MPSL-MLML California State Water Board Bioaccumulation Monitoring",NA,NA,"Moss Landing Marine Labs, MPSL",99999999,"N/A","N/A","California inland estuarine, delta, and freshwaters","California statewide estuarine, delta, and freshwater streams, rivers, lakes, and reservoirs will be sampled.","coho salmon","Southern Oregon/Northern California Coast","Fall","Natural","Adult","Unknown","Capture/Handle/Release Animal","Electrofishing, Backpack",1,0,"Southern Oregon/Northern California Coast coho salmon"
"83","25463","NMFS 10a1A Salmon","Application Complete","Issued",2021-03-30,2025-12-31,2021-03-30,2025-12-31,"MPSL-MLML California State Water Board Bioaccumulation Monitoring",NA,NA,"Moss Landing Marine Labs, MPSL",99999999,"N/A","N/A","California inland estuarine, delta, and freshwaters","California statewide estuarine, delta, and freshwater streams, rivers, lakes, and reservoirs will be sampled.","coho salmon","Southern Oregon/Northern California Coast","Fall","Natural","Adult","Unknown","Capture/Handle/Release Animal","Net, Gill",1,0,"Southern Oregon/Northern California Coast coho salmon"
"84","25463","NMFS 10a1A Salmon","Application Complete","Issued",2021-03-30,2025-12-31,2021-03-30,2025-12-31,"MPSL-MLML California State Water Board Bioaccumulation Monitoring",NA,NA,"Moss Landing Marine Labs, MPSL",99999999,"N/A","N/A","California inland estuarine, delta, and freshwaters","California statewide estuarine, delta, and freshwater streams, rivers, lakes, and reservoirs will be sampled.","steelhead","California Central Valley","Mixed","Natural","Adult","Unknown","Capture/Handle/Release Animal","Hook and line/angler/rod and reel",1,0,"California Central Valley steelhead"
"85","25463","NMFS 10a1A Salmon","Application Complete","Issued",2021-03-30,2025-12-31,2021-03-30,2025-12-31,"MPSL-MLML California State Water Board Bioaccumulation Monitoring",NA,NA,"Moss Landing Marine Labs, MPSL",99999999,"N/A","N/A","California inland estuarine, delta, and freshwaters","California statewide estuarine, delta, and freshwater streams, rivers, lakes, and reservoirs will be sampled.","steelhead","California Central Valley","Mixed","Natural","Adult","Unknown","Capture/Handle/Release Animal","Trap, Minnow",1,0,"California Central Valley steelhead"
"86","25463","NMFS 10a1A Salmon","Application Complete","Issued",2021-03-30,2025-12-31,2021-03-30,2025-12-31,"MPSL-MLML California State Water Board Bioaccumulation Monitoring",NA,NA,"Moss Landing Marine Labs, MPSL",99999999,"N/A","N/A","California inland estuarine, delta, and freshwaters","California statewide estuarine, delta, and freshwater streams, rivers, lakes, and reservoirs will be sampled.","steelhead","Central California Coast","Mixed","Natural","Adult","Unknown","Capture/Handle/Release Animal","Electrofishing, Backpack",1,0,"Central California Coast steelhead"
"87","25463","NMFS 10a1A Salmon","Application Complete","Issued",2021-03-30,2025-12-31,2021-03-30,2025-12-31,"MPSL-MLML California State Water Board Bioaccumulation Monitoring",NA,NA,"Moss Landing Marine Labs, MPSL",99999999,"N/A","N/A","California inland estuarine, delta, and freshwaters","California statewide estuarine, delta, and freshwater streams, rivers, lakes, and reservoirs will be sampled.","steelhead","Central California Coast","Mixed","Natural","Adult","Unknown","Capture/Handle/Release Animal","Net, Gill",1,0,"Central California Coast steelhead"
"88","25463","NMFS 10a1A Salmon","Application Complete","Issued",2021-03-30,2025-12-31,2021-03-30,2025-12-31,"MPSL-MLML California State Water Board Bioaccumulation Monitoring",NA,NA,"Moss Landing Marine Labs, MPSL",99999999,"N/A","N/A","California inland estuarine, delta, and freshwaters","California statewide estuarine, delta, and freshwater streams, rivers, lakes, and reservoirs will be sampled.","steelhead","Northern California","Mixed","Natural","Adult","Unknown","Capture/Handle/Release Animal","Hook and line/angler/rod and reel",1,0,"Northern California steelhead"
"89","25463","NMFS 10a1A Salmon","Application Complete","Issued",2021-03-30,2025-12-31,2021-03-30,2025-12-31,"MPSL-MLML California State Water Board Bioaccumulation Monitoring",NA,NA,"Moss Landing Marine Labs, MPSL",99999999,"N/A","N/A","California inland estuarine, delta, and freshwaters","California statewide estuarine, delta, and freshwater streams, rivers, lakes, and reservoirs will be sampled.","steelhead","Northern California","Mixed","Natural","Adult","Unknown","Capture/Handle/Release Animal","Trap, Minnow",1,0,"Northern California steelhead"
"90","25463","NMFS 10a1A Salmon","Application Complete","Issued",2021-03-30,2025-12-31,2021-03-30,2025-12-31,"MPSL-MLML California State Water Board Bioaccumulation Monitoring",NA,NA,"Moss Landing Marine Labs, MPSL",99999999,"N/A","N/A","California inland estuarine, delta, and freshwaters","California statewide estuarine, delta, and freshwater streams, rivers, lakes, and reservoirs will be sampled.","steelhead","South-Central California Coast","Mixed","Natural","Adult","Unknown","Capture/Handle/Release Animal","Electrofishing, Backpack",1,0,"South-Central California Coast steelhead"
"91","25463","NMFS 10a1A Salmon","Application Complete","Issued",2021-03-30,2025-12-31,2021-03-30,2025-12-31,"MPSL-MLML California State Water Board Bioaccumulation Monitoring",NA,NA,"Moss Landing Marine Labs, MPSL",99999999,"N/A","N/A","California inland estuarine, delta, and freshwaters","California statewide estuarine, delta, and freshwater streams, rivers, lakes, and reservoirs will be sampled.","steelhead","South-Central California Coast","Mixed","Natural","Adult","Unknown","Capture/Handle/Release Animal","Net, Gill",1,0,"South-Central California Coast steelhead"
"92","25463","NMFS 10a1A Salmon","Application Complete","Issued",2021-03-30,2025-12-31,2021-03-30,2025-12-31,"MPSL-MLML California State Water Board Bioaccumulation Monitoring",NA,NA,"Moss Landing Marine Labs, MPSL",99999999,"N/A","N/A","California inland estuarine, delta, and freshwaters","California statewide estuarine, delta, and freshwater streams, rivers, lakes, and reservoirs will be sampled.","steelhead","Southern California","Mixed","Natural","Adult","Unknown","Capture/Handle/Release Animal","Net, Gill",1,0,"Southern California steelhead"
"93","25463","NMFS 10a1A Salmon","Application Complete","Issued",2021-03-30,2025-12-31,2021-03-30,2025-12-31,"MPSL-MLML California State Water Board Bioaccumulation Monitoring",NA,NA,"Moss Landing Marine Labs, MPSL",99999999,"N/A","N/A","California inland estuarine, delta, and freshwaters","California statewide estuarine, delta, and freshwater streams, rivers, lakes, and reservoirs will be sampled.","steelhead","Southern California","N/A","Natural","Adult","Unknown","Capture/Handle/Release Animal","Seine, Beach",1,0,"Southern California steelhead"
"94","25463","NMFS 10a1A Salmon","Application Complete","Issued",2021-03-30,2025-12-31,2021-03-30,2025-12-31,"MPSL-MLML California State Water Board Bioaccumulation Monitoring",NA,NA,"Moss Landing Marine Labs, MPSL",99999999,"N/A","N/A","California inland estuarine, delta, and freshwaters","California statewide estuarine, delta, and freshwater streams, rivers, lakes, and reservoirs will be sampled.","green sturgeon","Southern DPS","N/A","Natural","Adult","Unknown","Capture/Handle/Release Animal","Electrofishing, Boat",1,0,"Southern DPS green sturgeon"
"95","25463","NMFS 10a1A Salmon","Application Complete","Issued",2021-03-30,2025-12-31,2021-03-30,2025-12-31,"MPSL-MLML California State Water Board Bioaccumulation Monitoring",NA,NA,"Moss Landing Marine Labs, MPSL",99999999,"N/A","N/A","California inland estuarine, delta, and freshwaters","California statewide estuarine, delta, and freshwater streams, rivers, lakes, and reservoirs will be sampled.","green sturgeon","Southern DPS","N/A","Natural","Adult","Unknown","Capture/Handle/Release Animal","Trawl, Otter",1,0,"Southern DPS green sturgeon"
"96","25463","NMFS 10a1A Salmon","Application Complete","Issued",2021-03-30,2025-12-31,2021-03-30,2025-12-31,"MPSL-MLML California State Water Board Bioaccumulation Monitoring",NA,NA,"Moss Landing Marine Labs, MPSL",99999999,"N/A","N/A","California Pacific Ocean nearshore coast","California statewide Pacific Ocean nearshore coast will be sampled.","Chinook salmon","California Coastal","Mixed","Natural","Adult","Unknown","Capture/Handle/Release Animal","Hook and line/angler/rod and reel",1,0,"California Coastal Chinook salmon"
"97","25463","NMFS 10a1A Salmon","Application Complete","Issued",2021-03-30,2025-12-31,2021-03-30,2025-12-31,"MPSL-MLML California State Water Board Bioaccumulation Monitoring",NA,NA,"Moss Landing Marine Labs, MPSL",99999999,"N/A","N/A","California Pacific Ocean nearshore coast","California statewide Pacific Ocean nearshore coast will be sampled.","coho salmon","Central California Coast","N/A","Natural","Adult","Unknown","Capture/Handle/Release Animal","Net, Gill",1,0,"Central California Coast coho salmon"
"98","25463","NMFS 10a1A Salmon","Application Complete","Issued",2021-03-30,2025-12-31,2021-03-30,2025-12-31,"MPSL-MLML California State Water Board Bioaccumulation Monitoring",NA,NA,"Moss Landing Marine Labs, MPSL",99999999,"N/A","N/A","California Pacific Ocean nearshore coast","California statewide Pacific Ocean nearshore coast will be sampled.","coho salmon","Southern Oregon/Northern California Coast","Fall","Natural","Adult","Unknown","Capture/Handle/Release Animal","Hook and line/angler/rod and reel",1,0,"Southern Oregon/Northern California Coast coho salmon"
"99","25463","NMFS 10a1A Salmon","Application Complete","Issued",2021-03-30,2025-12-31,2021-03-30,2025-12-31,"MPSL-MLML California State Water Board Bioaccumulation Monitoring",NA,NA,"Moss Landing Marine Labs, MPSL",99999999,"N/A","N/A","California Pacific Ocean nearshore coast","California statewide Pacific Ocean nearshore coast will be sampled.","coho salmon","Southern Oregon/Northern California Coast","Fall","Natural","Adult","Unknown","Capture/Handle/Release Animal","Trawl, Otter",1,0,"Southern Oregon/Northern California Coast coho salmon"
"100","25463","NMFS 10a1A Salmon","Application Complete","Issued",2021-03-30,2025-12-31,2021-03-30,2025-12-31,"MPSL-MLML California State Water Board Bioaccumulation Monitoring",NA,NA,"Moss Landing Marine Labs, MPSL",99999999,"N/A","N/A","California Pacific Ocean nearshore coast","California statewide Pacific Ocean nearshore coast will be sampled.","steelhead","Central California Coast","Mixed","Natural","Adult","Unknown","Capture/Handle/Release Animal","Net, Gill",1,0,"Central California Coast steelhead"
"101","25463","NMFS 10a1A Salmon","Application Complete","Issued",2021-03-30,2025-12-31,2021-03-30,2025-12-31,"MPSL-MLML California State Water Board Bioaccumulation Monitoring",NA,NA,"Moss Landing Marine Labs, MPSL",99999999,"N/A","N/A","California Pacific Ocean nearshore coast","California statewide Pacific Ocean nearshore coast will be sampled.","steelhead","Northern California","Mixed","Natural","Adult","Unknown","Capture/Handle/Release Animal","Hook and line/angler/rod and reel",1,0,"Northern California steelhead"
"102","25463","NMFS 10a1A Salmon","Application Complete","Issued",2021-03-30,2025-12-31,2021-03-30,2025-12-31,"MPSL-MLML California State Water Board Bioaccumulation Monitoring",NA,NA,"Moss Landing Marine Labs, MPSL",99999999,"N/A","N/A","California Pacific Ocean nearshore coast","California statewide Pacific Ocean nearshore coast will be sampled.","steelhead","Northern California","Mixed","Natural","Adult","Unknown","Capture/Handle/Release Animal","Trawl, Otter",1,0,"Northern California steelhead"
"103","25463","NMFS 10a1A Salmon","Application Complete","Issued",2021-03-30,2025-12-31,2021-03-30,2025-12-31,"MPSL-MLML California State Water Board Bioaccumulation Monitoring",NA,NA,"Moss Landing Marine Labs, MPSL",99999999,"N/A","N/A","California Pacific Ocean nearshore coast","California statewide Pacific Ocean nearshore coast will be sampled.","steelhead","South-Central California Coast","Mixed","Natural","Adult","Unknown","Capture/Handle/Release Animal","Net, Gill",1,0,"South-Central California Coast steelhead"
"104","25463","NMFS 10a1A Salmon","Application Complete","Issued",2021-03-30,2025-12-31,2021-03-30,2025-12-31,"MPSL-MLML California State Water Board Bioaccumulation Monitoring",NA,NA,"Moss Landing Marine Labs, MPSL",99999999,"N/A","N/A","California Pacific Ocean nearshore coast","California statewide Pacific Ocean nearshore coast will be sampled.","steelhead","Southern California","Mixed","Natural","Adult","Unknown","Capture/Handle/Release Animal","Hook and line/angler/rod and reel",1,0,"Southern California steelhead"
"105","25463","NMFS 10a1A Salmon","Application Complete","Issued",2021-03-30,2025-12-31,2021-03-30,2025-12-31,"MPSL-MLML California State Water Board Bioaccumulation Monitoring",NA,NA,"Moss Landing Marine Labs, MPSL",99999999,"N/A","N/A","California Pacific Ocean nearshore coast","California statewide Pacific Ocean nearshore coast will be sampled.","steelhead","Southern California","N/A","Natural","Adult","Unknown","Capture/Handle/Release Animal","Net, Cast",1,0,"Southern California steelhead"
"106","25463","NMFS 10a1A Salmon","Application Complete","Issued",2021-03-30,2025-12-31,2021-03-30,2025-12-31,"MPSL-MLML California State Water Board Bioaccumulation Monitoring",NA,NA,"Moss Landing Marine Labs, MPSL",99999999,"N/A","N/A","California Pacific Ocean nearshore coast","California statewide Pacific Ocean nearshore coast will be sampled.","green sturgeon","Southern DPS","N/A","Natural","Adult","Unknown","Capture/Handle/Release Animal","Seine, Beach",1,0,"Southern DPS green sturgeon"
